<?xml version="1.0" encoding="UTF-8"?>
<project-private xmlns="http://www.netbeans.org/ns/project-private/1">
    <editor-bookmarks xmlns="http://www.netbeans.org/ns/editor-bookmarks/2" lastBookmarkId="0"/>
    <open-files xmlns="http://www.netbeans.org/ns/projectui-open-files/2">
        <group>
            <file>file:/C:/xampp/htdocs/ex_starts/ch04_ex1/add_category.php</file>
            <file>file:/C:/xampp/htdocs/ex_starts/ch04_ex1/category_list.php</file>
            <file>file:/C:/xampp/htdocs/ex_starts/ch04_ex1/delete_category.php</file>
        </group>
    </open-files>
</project-private>
